<?xml version="1.0" encoding="UTF-8"?>
<!DOCTYPE mapper PUBLIC "-//mybatis.org//DTD Mapper 3.0//EN"
"http://mybatis.org/dtd/mybatis-3-mapper.dtd">
<mapper namespace="BoardDAO">
	<resultMap id="boardResult" type="board">
		<id property="board_seq" column="BOARD_SEQ" />
		<result property="board_title" column="BOARD_TITLE" />
		<result property="board_writer" column="BOARD_WRITER" />
		<result property="board_content" column="BOARD_CONTENT" />
		<result property="board_regdate" column="BOARD_REGDATE" />
		<result property="board_cnt" column="BOARD_CNT" />
		<result property="board_available" column="BOARD_AVAILABLE" />
	</resultMap>
	
	<insert id="insertBoard" parameterType="board">
		<![CDATA[
		INSERT INTO BOARD(BOARD_SEQ, BOARD_TITLE, BOARD_WRITER, BOARD_CONTENT)
		VALUES((SELECT IFNULL(MAX(BOARD_SEQ), 0) + 1 FROM BOARD b),
		#{board_title}, #{board_writer}, #{board_content})
		]]>
	</insert>
	
	<update id="updateBoard">
		<![CDATA[
		UPDATE BOARD SET
		TITLE = #{title},
		CONTENT = #{content}
		WHERE SEQ = #{seq}
		]]>
	</update>
	
	<delete id="deleteBoard">
		<![CDATA[
		DELETE BOARD
		WHERE SEQ = #{seq}
		]]>
	</delete>
	
	<select id="getBoard" resultType="board">
		<![CDATA[
		SELECT *
		FROM BOARD
		WHERE SEQ = #{seq}
		]]>
	</select>
	
	<select id="getBoardList" resultMap="boardResult">
		<![CDATA[
		SELECT *
		FROM BOARD
		WHERE 1 = 1 
		<if test="searchCondition == 'TITLE'">
			AND TITLE LIKE '%'||#{searchKeyword}||'%'
		</if>
		<if test="searchCondition == 'CONTENT'">
			AND CONTENT LIKE '%'||#{searchKeyword}||'%'
		</if>
		ORDER BY SEQ DESC
		]]>
	</select>
	
	<select id="listAll" resultMap="boardResult">
		<![CDATA[
		SELECT *
		FROM board  
		INNER JOIN user 
		ON board_writer = user_id
		ORDER BY board_seq DESC, board_regdate DESC
		LIMIT #{pageStart}, #{perPageNum}
		]]>
	</select>
	
	<select id="getBoardCount" resultType="int">
		<![CDATA[
		SELECT COUNT(*) FROM BOARD
		]]>
	</select>
	

<!-- 	
	<select id="getBoardList_T" resultMap="boardResult">
		<![CDATA[
		SELECT *
		FROM BOARD
		WHERE TITLE LIKE '%'||#{searchKeyword}||'%'
		ORDER BY SEQ DESC
		]]>
	</select>
	
	<select id="getBoardList_C" resultMap="boardResult">
		<![CDATA[
		SELECT *
		FROM BOARD
		WHERE CONTENT LIKE '%'||#{searchKeyword}||'%'
		ORDER BY SEQ DESC
		]]>
	</select>
 -->	
</mapper>
