<?xml version="1.0" encoding="UTF-8"?>
<!DOCTYPE mapper PUBLIC "-//mybatis.org//DTD Mapper 3.0//EN"
"http://mybatis.org/dtd/mybatis-3-mapper.dtd">
<mapper namespace="CartDAO">
	<resultMap id="cartResult" type="CART">
		<id property="cart_id" column="CART_ID" />
		<result property="cart_user" column="CART_USER" />
		<result property="cart_product" column="CART_PRODUCT" />
		<result property="user_id" column="USER_ID" />
		<result property="product_id" column="PRODUCT_ID" />
		<result property="product_price" column="PRODUCT_PRICE" />
		<result property="cart_amount" column="CART_AMOUNT" />
	</resultMap>
	
	<insert id="insertCart" parameterType="cart">
		<![CDATA[
			INSERT INTO CART(CART_ID, CART_USER, CART_PRODUCT, CART_AMOUNT) 
			VALUES((SELECT IFNULL(MAX(CART_ID), 0)+1 FROM CART c), #{cart_user}, #{cart_product}, #{cart_amount})
		]]>
	</insert>
	
	<update id="updateCart">
		<![CDATA[
		UPDATE CART SET
		CART_AMOUNT = #{cart_amount}
		WHERE CART_USER = #{cart_user}
		AND CART_PRODUCT = #{cart_product}
		]]>
	</update>
	
	<delete id="deleteCart">
		<![CDATA[
		DELETE CART
		WHERE CART_ID = #{cart_id}
		]]>
	</delete>
	
	<select id="getCart" resultType="cart">
		<![CDATA[
		SELECT *
		FROM CART
		WHERE CART_ID = #{cart_id}
		]]>
	</select>
	
	<select id="getCartList" resultMap="cartResult">
		<![CDATA[
		SELECT c.cart_id,c.cart_amount,c.cart_user, u.user_name, c.cart_product, p.product_name, p.product_price
		FROM CART as c 
		JOIN user as u ON u.user_id = c.cart_user
		JOIN product as p ON p.product_id = c.cart_product
		ORDER BY cart_id ASC
		]]>
	</select>
	
	<select id="getCartCount" resultType="int">
		<![CDATA[
		SELECT COUNT(*) FROM CART WHERE CART_USER = #{cart_user} AND CART_PRODUCT = #{cart_product}
		]]>
	</select>
	
	<select id="getSumMoney" resultType="int">
		<![CDATA[
		SELECT IFNULL(SUM(product_price) * cart_amount , 0) as money
		FROM cart as c 
		JOIN product as p ON c.cart_product = p.product_id
		WHERE c.cart_user = #{cart_user}
		]]>
	</select>
	
	<update id="modifyCart">
		<![CDATA[
		UPDATE CART SET
		CART_AMOUNT = CART_AMOUNT + #{cart_amount}
		WHERE CART_USER = #{cart_user}
		AND CART_PRODUCT = #{cart_product}
		]]>
	</update>
</mapper>
