<?xml version="1.0" encoding="UTF-8"?>
<!DOCTYPE mapper PUBLIC "-//mybatis.org//DTD Mapper 3.0//EN"
"http://mybatis.org/dtd/mybatis-3-mapper.dtd">
<mapper namespace="CommentDAO">
	<resultMap id="commentResult" type="comment">
		<id property="comment_seq" column="COMMENT_SEQ" />
		<result property="comment_board" column="COMMENT_BOARD" />
		<result property="comment_writer" column="COMMENT_WRITER" />
		<result property="comment_content" column="COMMENT_CONTENT" />
		<result property="comment_regdate" column="COMMENT_REGDATE" />
		<result property="comment_available" column="COMMENT_AVAILABLE" />
	</resultMap>
	
	<insert id="insertComment" parameterType="comment">
		<![CDATA[
		INSERT INTO COMMENT(COMMENT_SEQ, COMMENT_BOARD, COMMENT_WRITER, COMMENT_CONTENT)
		VALUES((SELECT IFNULL(MAX(COMMENT_SEQ), 0) + 1 FROM COMMENT c),
		#{comment_board}, #{comment_writer}, #{comment_content})
		]]>
	</insert>

	<update id="updateComment">
		<![CDATA[
		UPDATE COMMENT SET
		COMMENT_CONTENT = #{comment_content}
		WHERE COMMENT_SEQ = #{comment_seq}
		]]>
	</update>

	<delete id="deleteComment">
		<![CDATA[
		DELETE COMMENT
		WHERE COMMENT_SEQ = #{comment_seq}
		]]>
	</delete>

	<select id="getComment" resultType="comment">
		<![CDATA[
		SELECT *
		FROM COMMENT
		WHERE COMMENT_SEQ = #{comment_seq}
		]]>
	</select>

	<select id="getCommentList" resultMap="commentResult">
		<![CDATA[
		SELECT *
		FROM COMMENT
		ORDER BY COMMENT_SEQ DESC
		]]>
	</select>

</mapper>
