<?xml version="1.0" encoding="UTF-8"?>
<!DOCTYPE mapper PUBLIC "-//mybatis.org//DTD Mapper 3.0//EN"
"http://mybatis.org/dtd/mybatis-3-mapper.dtd">
<mapper namespace="CommentBoardDAO">
	<resultMap id="commentBoardResult" type="commentBoard">
		<id property="comment_seq" column="COMMENT_SEQ" /> 
		<result property="board_seq" column="BOARD_SEQ" />
		<result property="board_title" column="BOARD_TITLE" />
		<result property="board_writer" column="BOARD_WRITER" />
		<result property="board_content" column="BOARD_CONTENT" />
		<result property="board_regdate" column="BOARD_REGDATE" />
		<result property="board_cnt" column="BOARD_CNT" />
		<result property="board_available" column="BOARD_AVAILABLE" />
		<result property="comment_board" column="COMMENT_BOARD" />
		<result property="comment_writer" column="COMMENT_WRITER" />
		<result property="comment_content" column="COMMENT_CONTENT" />
		<result property="comment_regdate" column="COMMENT_REGDATE" />
		<result property="comment_available" column="COMMENT_AVAILABLE" />
	</resultMap>
	
	
	<select id="getCommentBoardCount" resultType="_int">
		<![CDATA[
		SELECT COUNT(*)
		FROM COMMENT_BOARD
		WHERE BOARD_SEQ = #{board_seq} LIMIT 1
		]]>
	</select>
	
	<select id="getCommentBoardList" resultMap="commentBoardResult">
		<![CDATA[
		SELECT *
		FROM COMMENT_BOARD
		WHERE BOARD_SEQ = #{board_seq}
		]]>
	</select>
	
</mapper>
