<?xml version="1.0" encoding="UTF-8"?>
<!DOCTYPE mapper PUBLIC "-//mybatis.org//DTD Mapper 3.0//EN"
"http://mybatis.org/dtd/mybatis-3-mapper.dtd">
<mapper namespace="ProductDAO">
	<resultMap id="productResult" type="product">
		<id property="product_id" column="PRODUCT_ID" />
		<result property="product_name" column="PRODUCT_NAME" />
		<result property="product_price" column="PRODUCT_PRICE" />
		<result property="product_dsec" column="PRODUCT_DSEC" />
		<result property="product_url" column="PRODUCT_URL" />
	</resultMap>
	
	<insert id="insertProduct" parameterType="product">
		<![CDATA[
		INSERT INTO PRODUCT(PRODUCT_SEQ, PRODUCT_TITLE, PRODUCT_WRITER, PRODUCT_CONTENT)
		VALUES((SELECT IFNULL(MAX(PRODUCT_SEQ), 0) + 1 FROM PRODUCT b),
		#{product_title}, #{product_writer}, #{product_content})
		]]>
	</insert>
	
	<update id="updateProduct">
		<![CDATA[
		UPDATE PRODUCT SET
		TITLE = #{title},
		CONTENT = #{content}
		WHERE SEQ = #{seq}
		]]>
	</update>
	
	<delete id="deleteProduct">
		<![CDATA[
		DELETE PRODUCT
		WHERE SEQ = #{seq}
		]]>
	</delete>
	
	<select id="getProduct" resultType="product">
		<![CDATA[
		SELECT *
		FROM PRODUCT
		WHERE PRODUCT_ID = #{product_id}
		]]>
	</select>
	
	<select id="getProductList" resultMap="productResult">
		<![CDATA[
		SELECT *
		FROM PRODUCT 
		ORDER BY PRODUCT_ID DESC
		]]>
	</select>
	
	<select id="listAll" resultMap="productResult">
		<![CDATA[
		SELECT *
		FROM product  
		INNER JOIN user 
		ON product_writer = user_id
		ORDER BY product_seq DESC, product_regdate DESC
		LIMIT #{pageStart}, #{perPageNum}
		]]>
	</select>
	
	<select id="getProductCount" resultType="int">
		<![CDATA[
		SELECT COUNT(*) FROM PRODUCT
		]]>
	</select>
	

<!-- 	
	<select id="getProductList_T" resultMap="productResult">
		<![CDATA[
		SELECT *
		FROM PRODUCT
		WHERE TITLE LIKE '%'||#{searchKeyword}||'%'
		ORDER BY SEQ DESC
		]]>
	</select>
	
	<select id="getProductList_C" resultMap="productResult">
		<![CDATA[
		SELECT *
		FROM PRODUCT
		WHERE CONTENT LIKE '%'||#{searchKeyword}||'%'
		ORDER BY SEQ DESC
		]]>
	</select>
 -->	
</mapper>
