<?xml version="1.0" encoding="UTF-8" ?>
<!DOCTYPE configuration
  PUBLIC "-//mybatis.org//DTD Config 3.0//EN"
  "http://mybatis.org/dtd/mybatis-3-config.dtd">
<configuration>
	<properties resource="config/database.properties" />
	<typeAliases>
		<typeAlias type="kr.obaksa.www.biz.board.Board" alias="board"></typeAlias>
		<typeAlias type="kr.obaksa.www.biz.comment.Comment" alias="comment"></typeAlias>		
		<typeAlias type="kr.obaksa.www.biz.commentBoard.CommentBoard" alias="commentBoard"></typeAlias>		
		<typeAlias type="kr.obaksa.www.biz.product.Product" alias="product"></typeAlias>		
		<typeAlias type="kr.obaksa.www.biz.cart.Cart" alias="cart"></typeAlias>				
	</typeAliases>
	<environments default="development">
		<environment id="development">
			<transactionManager type="JDBC" />
			<dataSource type="POOLED">
				<property name="driver" value="${jdbc.driverClassName}" />
				<property name="url" value="${jdbc.url}" />
				<property name="username" value="${jdbc.username}" />
				<property name="password" value="${jdbc.password}" />
			</dataSource>
		</environment>
	</environments>
	<mappers>
		<mapper resource="mappings/board-mapping.xml" />
		<mapper resource="mappings/comment-mapping.xml" />
		<mapper resource="mappings/commentBoard-mapping.xml" />
		<mapper resource="mappings/product-mapping.xml" />
		<mapper resource="mappings/cart-mapping.xml" />
	</mappers>
</configuration>
